DATE,Federal Funds Rate,M2 Money Supply,Inflation (CPI),GDP Growth Rate,Unemployment Rate
1960-02-01,-0.005012531328320802,0.0006706908115359234,0.0013619339462036528,0.0,-0.07692307692307698
1960-03-01,-0.032745591939546737,0.0030160857908847483,0.0,0.0,0.12500000000000022
1960-04-01,0.02083333333333326,0.0026729034413632835,0.0044202652159128775,-1.2258064516129032,-0.03703703703703709
1960-05-01,-0.017857142857142794,0.002665778073975167,0.0010155721056195333,0.0,-0.019230769230769384
1960-06-01,-0.1376623376623377,0.004652708541043715,0.001352722353736846,0.0,0.05882352941176494
1960-07-01,-0.027108433734939763,0.005954349983460228,-0.0020263424518742745,-1.9523809523809523,0.01851851851851838
1960-08-01,-0.07739938080495357,0.009207497533705977,0.0020304568527917954,0.0,0.018181818181818077
1960-09-01,-0.12751677852348986,0.004887585532746819,0.0,0.0,-0.017857142857142794
1960-10-01,-0.04999999999999993,0.003566796368352776,0.004728132387706863,-3.5,0.10909090909090913
1960-11-01,-0.012145748987854366,0.004523424878836835,0.0010084033613446675,0.0,0.0
1960-12-01,-0.1885245901639344,0.004824702476680542,0.001007387508394908,0.0,0.08196721311475419
1961-01-01,-0.26767676767676774,0.00544174135723452,0.0010063737001007045,-1.54,0.0
1961-02-01,0.7517241379310347,0.0076408787010504575,0.0,0.0,0.045454545454545636
1961-03-01,-0.20472440944881887,0.005687203791469253,0.0,0.0,0.0
1961-04-01,-0.2623762376237624,0.005026704366949408,-0.00100536193029499,1.5925925925925926,0.014492753623188248
1961-05-01,0.32885906040268464,0.007189746795873697,0.0010063737001007045,0.0,0.014285714285714235
1961-06-01,-0.1262626262626263,0.006517690875232907,0.0,0.0,-0.028169014084506894
1961-07-01,-0.323699421965318,0.004008633980882026,0.002680965147453085,0.12857142857142856,0.014492753623188248
1961-08-01,0.7094017094017095,0.006142506142506221,0.0006684491978610207,0.0,-0.05714285714285716
1961-09-01,-0.06000000000000005,0.005799755799755779,0.0013360053440214514,0.0,0.015151515151515138
1961-10-01,0.2021276595744681,0.004855842185129022,0.0,0.025316455696202445,-0.02985074626865669
1961-11-01,0.15486725663716827,0.006946541830262554,0.0,0.0,-0.06153846153846154
1961-12-01,-0.10727969348658994,0.006298740251949653,0.0010006671114075605,0.0,-0.016393442622950727
1962-01-01,-0.07725321888412029,0.005961251862891315,0.0009996667777407708,-0.09876543209876543,-0.033333333333333326
1962-02-01,0.10232558139534897,0.007703703703703768,0.0023302263648468102,0.0,-0.051724137931034475
1962-03-01,0.20253164556962022,0.008820935019111964,0.0019926934573231136,0.0,0.018181818181818077
1962-04-01,-0.024561403508772006,0.006995045176333425,0.0013258203513424327,-0.4931506849315068,0.0
1962-05-01,-0.15107913669064743,0.005788712011577379,0.0009930486593843213,0.0,-0.017857142857142794
1962-06-01,0.13559322033898313,0.005179856115107961,-0.0009920634920633775,0.0,0.0
1962-07-01,0.011194029850746245,0.004294302891497237,0.00033101621979469975,0.3513513513513513,-0.018181818181818077
1962-08-01,0.08118081180811809,0.005701254275940704,0.0019854401058903015,0.0,0.05555555555555558
1962-09-01,-0.010238907849829393,0.005952380952380931,0.004623513870541718,0.0,-0.01754385964912286
1962-10-01,0.0,0.006480698788391193,-0.0013149243918475495,-0.74,-0.03571428571428559
1962-11-01,0.01379310344827589,0.007278835386338223,0.0,0.0,0.05555555555555558
1962-12-01,-0.00340136054421758,0.008060033351862117,0.0,0.0,-0.03508771929824561
1963-01-01,-0.0034129692832765013,0.006892748828232653,0.0019749835418039208,2.3846153846153846,0.036363636363636376
1963-02-01,0.027397260273972712,0.007393209200438067,0.0013140604467805073,0.0,0.03508771929824572
1963-03-01,-0.00666666666666671,0.007610763794509312,0.0009842519685039353,0.0,-0.03389830508474578
1963-04-01,-0.02684563758389269,0.007013757755597538,-0.000983284169124965,0.04545454545454519,0.0
1963-05-01,0.034482758620689724,0.007500669702652063,0.0009842519685039353,0.0,0.03508771929824572
1963-06-01,-0.0033333333333332993,0.00611539484179735,0.0032776138970829205,0.0,-0.05084745762711873
1963-07-01,0.010033444816053505,0.007135306553911258,0.002613524991832872,0.9782608695652175,0.0
1963-08-01,0.1556291390728477,0.006559958016268741,0.0019550342130987275,0.0,-0.03571428571428559
1963-09-01,-0.002865329512894088,0.006256517205422307,-0.0009756097560975618,0.0,0.01851851851851838
1963-10-01,0.005747126436781658,0.0059585492227980374,0.0009765625,-0.7142857142857142,0.0
1963-11-01,-0.005714285714285672,0.008241050733968525,0.0009756097560975618,0.0,0.036363636363636376
1963-12-01,-0.028735632183908066,0.004342273307790467,0.0032488628979856493,0.0,-0.03508771929824561
1964-01-01,0.029585798816567976,0.0050864699898269805,0.0019430051813471572,2.346153846153846,0.018181818181818077
1964-02-01,0.0,0.006072874493927127,-0.0009696186166774368,0.0,-0.03571428571428559
1964-03-01,-0.014367816091953922,0.005533199195171035,0.0009705596894209467,0.0,0.0
1964-04-01,0.011661807580174877,0.0047523761880940985,0.0003232062055591456,-0.49425287356321834,-0.0185185185185186
1964-05-01,0.008645533141210304,0.006223549912870219,0.0009693053311794486,0.0,-0.037735849056603765
1964-06-01,0.0,0.007174666006927399,0.0009683666881858954,0.0,0.019607843137255054
1964-07-01,-0.02285714285714291,0.00736919675755332,0.00032247662044504466,0.4545454545454546,-0.05769230769230771
1964-08-01,0.023391812865497075,0.008046817849304944,0.0009671179883945502,0.0,0.020408163265306145
1964-09-01,-0.014285714285714235,0.00846637639090475,0.0009661835748790981,0.0,0.020000000000000018
1964-10-01,-0.026086956521739202,0.005277044854881341,0.0012870012870014325,-0.8125,0.0
1964-11-01,0.04761904761904767,0.0069195895967548715,0.002892030848329119,0.0,-0.05882352941176472
1964-12-01,0.09375,0.006398104265402882,0.001281640499839698,0.0,0.04166666666666674
1965-01-01,0.01298701298701288,0.006592889098187005,0.0009600000000000719,7.333333333333334,-0.019999999999999907
1965-02-01,0.02051282051282044,0.006783625730994114,0.0,0.0,0.04081632653061207
1965-03-01,0.017587939698492372,0.006505576208178487,0.0009590792838873874,0.0,-0.07843137254901955
1965-04-01,0.009876543209876631,0.005078485687904033,0.002235707441711865,-0.48,0.02127659574468077
1965-05-01,0.0024449877750609694,0.003904455672944618,0.0031867431485022024,0.0,-0.04166666666666674
1965-06-01,-0.012195121951219523,0.006863417982155173,0.0041296060991105055,0.0,0.0
1965-07-01,0.009876543209876631,0.006362190411270063,-0.000949066751028238,0.7692307692307689,-0.04347826086956508
1965-08-01,0.007334963325183352,0.006547753443215232,-0.0009499683343887622,0.0,0.0
1965-09-01,-0.024271844660194275,0.008299685957828595,0.0022187004754359307,0.0,-0.022727272727272818
1965-10-01,0.014925373134328401,0.006896551724137945,0.000948766603415585,0.03260869565217406,-0.023255813953488302
1965-11-01,0.004901960784313708,0.006849315068493178,0.003159557661927437,0.0,-0.023809523809523947
1965-12-01,0.05365853658536612,0.007680491551459223,0.0031496062992126816,0.0,-0.024390243902438935
1966-01-01,0.02314814814814814,0.0060975609756097615,0.0009419152276295417,0.06315789473684208,0.0
1966-02-01,0.040723981900452344,0.005627705627705648,0.006273525721455453,0.0,-0.050000000000000044
1966-03-01,0.013043478260869712,0.005596211795092509,0.0031172069825435855,0.0,0.0
1966-04-01,0.0021459227467810482,0.004494863013698724,0.003107520198881275,-0.8613861386138614,0.0
1966-05-01,0.04925053533190593,0.0017046665246112092,0.0021685254027261625,0.0,0.026315789473684292
1966-06-01,0.055102040816326525,0.0023399276749627163,0.0009273570324574987,0.0,-0.02564102564102566
1966-07-01,0.025145067698259194,-0.0006366723259763063,0.0021618282890674134,1.4285714285714288,0.0
1966-08-01,0.04339622641509444,0.0036101083032491488,0.006163328197226425,0.0,0.0
1966-09-01,-0.023508137432188048,0.005924672027084021,0.003062787136294043,0.0,-0.02631578947368407
1966-10-01,0.024074074074074137,0.0006310475389146308,0.003053435114503955,-0.02941176470588236,0.0
1966-11-01,0.04159132007233257,0.0033634643682993737,0.0009132420091324533,0.0,-0.027027027027027084
1966-12-01,-0.06249999999999989,0.0060758432851455435,0.0012165450121655041,0.0,0.05555555555555558
1967-01-01,-0.08518518518518514,0.00291545189504383,-0.0006075334143378353,0.09090909090909105,0.026315789473684292
1967-02-01,0.012145748987854255,0.007267441860465018,0.003039513677811634,0.0,-0.02564102564102566
1967-03-01,-0.09399999999999997,0.009482580911152283,0.0,0.0,0.0
1967-04-01,-0.10596026490066235,0.004900959771288571,0.003030303030303161,-0.9444444444444444,0.0
1967-05-01,-0.02716049382716046,0.010363747205852425,0.0,0.0,0.0
1967-06-01,0.010152284263959421,0.0096540627514079,0.0060422960725075026,0.0,0.026315789473684292
1967-07-01,-0.047738693467336724,0.008565737051792865,0.0030030030030030463,17.999999999999996,-0.02564102564102566
1967-08-01,0.029023746701847042,0.00888801106063597,0.0029940119760478723,0.0,0.0
1967-09-01,0.023076923076923217,0.007635082223962586,0.0029850746268658135,0.0,0.0
1967-10-01,-0.027568922305764465,0.006800077715173991,0.0029761904761904656,-0.18421052631578938,0.05263157894736836
1967-11-01,0.06443298969072164,0.005789270551910475,0.005934718100890191,0.0,-0.025000000000000022
1967-12-01,0.09200968523002429,0.006907137375287586,0.002949852507374784,0.0,-0.02564102564102566
1968-01-01,0.022172949002217335,0.004954268292682862,0.002941176470588225,1.709677419354839,-0.02631578947368407
1968-02-01,0.021691973969631073,0.005688282138794021,0.0029325513196480912,0.0,0.027027027027026973
1968-03-01,0.0721868365180467,0.0052790346907996,0.0029239766081869956,0.0,-0.02631578947368407
1968-04-01,0.1405940594059405,0.0046886721680419186,0.00291545189504383,-0.1785714285714286,-0.05405405405405406
1968-05-01,0.0625,0.005973492626469845,0.0029069767441860517,0.0,0.0
1968-06-01,-0.008169934640522847,0.006865837817777054,0.005797101449275477,0.0,0.05714285714285716
1968-07-01,-0.00658978583196046,0.005528934758569859,0.0057636887608067955,-0.5507246376811594,0.0
1968-08-01,0.0,0.006964809384164106,0.002865329512893977,0.0,-0.05405405405405406
1968-09-01,-0.041459369817578806,0.007644703312704948,0.0028571428571428914,0.0,-0.02857142857142858
1968-10-01,0.02249134948096887,0.007225433526011571,0.005698005698005604,-0.4838709677419355,0.0
1968-11-01,-0.015228426395939021,0.008608321377331363,0.0028328611898016387,0.0,0.0
1968-12-01,0.03436426116838476,0.007823613086771042,0.005649717514124353,0.0,0.0
1969-01-01,0.04651162790697683,0.004410726887791094,0.002808988764045006,3.0,0.0
1969-02-01,0.049206349206349254,0.00456701212014754,0.0028011204481790397,0.0,0.0
1969-03-01,0.027231467473525006,0.004371393600279827,0.008379888268156499,0.0,0.0
1969-04-01,0.09131075110456566,0.00226323119777172,0.005540166204986097,-0.8125,0.0
1969-05-01,0.17004048582995956,0.0013896126454751023,0.0027548209366392573,0.0,0.0
1969-06-01,0.026528258362168433,0.003469210754553309,0.005494505494505475,0.0,0.02941176470588247
1969-07-01,-0.032584269662921495,0.0017286084701815252,0.005464480874316724,1.2500000000000004,0.0
1969-08-01,0.06736353077816504,0.0010353753235547991,0.0027173913043478937,0.0,0.0
1969-09-01,-0.0043525571273121955,0.003447681434235461,0.005420054200542035,0.0,0.05714285714285716
1969-10-01,-0.016393442622950838,0.0022332932485826795,0.005390835579514697,-1.7037037037037037,0.0
1969-11-01,-0.01666666666666672,0.0034281796366129047,0.00536193029490617,0.0,-0.05405405405405406
1969-12-01,0.013559322033898313,0.0042705842159207474,0.005333333333333412,0.0,0.0
1970-01-01,0.0011148272017837968,0.0028916482394965026,0.0053050397877982824,-0.6842105263157895,0.11428571428571432
1970-02-01,0.0,-0.005597014925373234,0.005277044854881341,0.0,0.0769230769230771
1970-03-01,-0.13585746102449892,0.0017056114617091112,0.005249343832020914,0.0,0.04761904761904767
1970-04-01,0.04381443298969079,0.0018729780350759118,0.005221932114882533,-2.0,0.04545454545454519
1970-05-01,-0.01851851851851849,0.0052685248130524,0.0025974025974027093,0.0,0.04347826086956519
1970-06-01,-0.04276729559748427,0.006255283178360216,0.005181347150258864,0.0,0.02083333333333348
1970-07-01,-0.05256241787122207,0.0065524193548387455,0.002577319587628857,5.166666666666667,0.020408163265306145
1970-08-01,-0.08183079056865461,0.009681188449340627,0.0025706940874037354,0.0,0.020000000000000018
1970-09-01,-0.049848942598187285,0.010414944618945432,0.00512820512820511,0.0,0.05882352941176494
1970-10-01,-0.014308426073131986,0.008507853403141308,0.005102040816326481,-2.135135135135135,0.01851851851851838
1970-11-01,-0.09677419354838723,0.007624918883841758,0.005076142131979822,0.0,0.07272727272727275
1970-12-01,-0.12499999999999989,0.008694252133311764,0.005050505050504972,0.0,0.03389830508474567
1971-01-01,-0.15510204081632661,0.010215482841181123,0.002512562814070307,-3.6904761904761907,-0.032786885245901565
1971-02-01,-0.10144927536231874,0.012798230368146646,0.0,0.0,0.0
1971-03-01,-0.0026881720430108613,0.013884555382215336,0.0025062656641603454,0.0,0.016949152542372836
1971-04-01,0.12129380053908356,0.013078935220803167,0.0024999999999999467,-0.8053097345132744,-0.016666666666666607
1971-05-01,0.11298076923076916,0.012606318347509138,0.004987531172069737,0.0,0.0
1971-06-01,0.06047516198704117,0.009449527523623713,0.00496277915632759,0.0,0.0
1971-07-01,0.08146639511201625,0.00980683506686475,0.0024691358024691024,0.4999999999999998,0.016949152542372836
1971-08-01,0.048964218455743946,0.008681577398469642,0.0024630541871921707,0.0,0.016666666666666607
1971-09-01,-0.0035906642728905647,0.010211524434719177,0.002457002457002311,0.0,-0.016393442622950727
1971-10-01,-0.06306306306306297,0.008519855595667813,0.002450980392156854,-0.7272727272727273,-0.033333333333333326
1971-11-01,-0.05576923076923079,0.008877434135166062,0.0024449877750611915,0.0,0.034482758620689724
1971-12-01,-0.1568228105906314,0.008089696281578185,0.0024390243902439046,0.0,0.0
1972-01-01,-0.15217391304347827,0.010418133183162093,0.0024330900243310083,7.444444444444445,-0.033333333333333326
1972-02-01,-0.05982905982905984,0.011146718684687196,0.004854368932038833,0.0,-0.01724137931034475
1972-03-01,0.16060606060606064,0.010748243075651143,0.0,0.0,0.01754385964912264
1972-04-01,0.08877284595300261,0.006680299931833611,0.0024154589371980784,0.23684210526315796,-0.01724137931034475
1972-05-01,0.023980815347721673,0.006635969664138708,0.002409638554216942,0.0,0.0
1972-06-01,0.04449648711943799,0.00861025158078843,0.0024038461538462563,0.0,0.0
1972-07-01,0.020179372197309364,0.013071895424836555,0.0023980815347719453,-0.5957446808510638,-0.01754385964912286
1972-08-01,0.05714285714285716,0.012113232389730166,0.0023923444976077235,0.0,0.0
1972-09-01,0.012474012474012586,0.012488617145830494,0.004773269689737569,0.0,-0.017857142857142794
1972-10-01,0.03696098562628336,0.011049723756906049,0.002375296912114022,0.8157894736842106,0.018181818181818077
1972-11-01,0.001980198019801982,0.008895666539585623,0.004739336492890933,0.0,-0.05357142857142849
1972-12-01,0.05335968379446654,0.01058067766721238,0.002358490566037874,0.0,-0.01886792452830177
1973-01-01,0.11444652908067554,0.009971332419294487,0.004705882352941337,0.49275362318840576,-0.05769230769230771
1973-02-01,0.1077441077441077,0.004689621127977439,0.007025761124121788,0.0,0.020408163265306145
1973-03-01,0.07750759878419444,0.0014740203906153937,0.009302325581395321,0.0,-0.019999999999999907
1973-04-01,0.004231311706629048,0.005396786458972347,0.00691244239631339,-0.5728155339805825,0.020408163265306145
1973-05-01,0.101123595505618,0.00866170550201284,0.004576659038901587,0.0,-0.019999999999999907
1973-06-01,0.08290816326530615,0.007861635220125729,0.006833712984054774,0.0,0.0
1973-07-01,0.22497055359246176,0.0038401536061443142,0.0,-1.4772727272727273,-0.020408163265306256
1973-08-01,0.009615384615384581,0.0027495517035265316,0.018099547511312153,0.0,0.0
1973-09-01,0.026666666666666616,0.0005960896518837355,0.004444444444444473,0.0,0.0
1973-10-01,-0.0714285714285714,0.003931847968545288,0.008849557522123908,-2.8571428571428568,-0.04166666666666674
1973-11-01,0.0019980019980019303,0.007476857346309096,0.006578947368421018,0.0,0.04347826086956519
1973-12-01,-0.0079760717846461,0.007774767345977152,0.008714596949890963,0.0,0.02083333333333348
1974-01-01,-0.03015075376884413,0.0049094097019286576,0.010799136069114423,-1.8717948717948718,0.04081632653061207
1974-02-01,-0.07046632124352326,0.0052343840874724545,0.010683760683760646,0.0,0.019607843137255054
1974-03-01,0.04236343366778139,0.006827123351076159,0.010570824524312794,0.0,-0.019230769230769384
1974-04-01,0.12406417112299462,0.0032180209171359664,0.006276150627615218,-1.2941176470588236,0.0
1974-05-01,0.07611798287345395,0.0019475312177799076,0.01039501039501034,0.0,0.0
1974-06-01,0.05481874447391677,0.0036588154584953347,0.008230452674897082,0.0,0.05882352941176494
1974-07-01,0.08298407376362116,0.004101161995898828,0.006122448979591688,-4.7,0.01851851851851838
1974-08-01,-0.07043343653250778,0.0030633083730429167,0.012170385395537497,0.0,0.0
1974-09-01,-0.05578684429641967,0.004298156317158686,0.014028056112224574,0.0,0.07272727272727275
1974-10-01,-0.1128747795414462,0.006081765964635721,0.007905138339920903,-0.5945945945945946,0.016949152542372836
1974-11-01,-0.06063618290258466,0.0059330572036271345,0.009803921568627416,0.0,0.09999999999999987
1974-12-01,-0.0973544973544973,0.0038949476964167395,0.007766990291262044,0.0,0.09090909090909105
1975-01-01,-0.164126611957796,0.004655803126039082,0.007707129094412402,2.1999999999999997,0.125
1975-02-01,-0.12482468443197747,0.008606421714664192,0.005736137667304186,0.0,0.0
1975-03-01,-0.11217948717948723,0.011924297122853034,0.0038022813688212143,0.0,0.06172839506172845
1975-04-01,-0.009025270758122761,0.01091891891891894,0.0037878787878788955,-1.6041666666666665,0.023255813953488413
1975-05-01,-0.049180327868852514,0.013688375574804734,0.0018867924528302993,0.0,0.022727272727272707
1975-06-01,0.06321839080459779,0.015929950416710748,0.007532956685499137,0.0,-0.022222222222222143
1975-07-01,0.09909909909909898,0.012564901349948032,0.009345794392523255,1.4137931034482758,-0.022727272727272818
1975-08-01,0.006557377049180246,0.008204286739821542,0.0037037037037037646,0.0,-0.023255813953488302
1975-09-01,0.016286644951140072,0.008544400366188531,0.007380073800737907,0.0,0.0
1975-10-01,-0.06730769230769229,0.006354009077155887,0.005494505494505475,-0.2142857142857143,0.0
1975-11-01,-0.10309278350515472,0.00912006414111044,0.007285974499089187,0.0,-0.011904761904761862
1975-12-01,-0.003831417624520994,0.009236269738802427,0.005424954792043524,0.0,-0.012048192771084487
1976-01-01,-0.06346153846153846,0.010234205864987134,0.003597122302158251,0.6909090909090911,-0.03658536585365846
1976-02-01,-0.020533880903490842,0.013345022404052331,0.0017921146953405742,0.0,-0.025316455696202556
1976-03-01,0.014675052410901612,0.009324233394213177,0.0017889087656530744,0.0,-0.012987012987013102
1976-04-01,-0.004132231404958553,0.010285714285714231,0.0017857142857142794,-0.6774193548387097,0.013157894736842257
1976-05-01,0.09751037344398328,0.010652337858220173,0.005347593582887722,0.0,-0.038961038961038974
1976-06-01,0.035916824196597474,0.005130118459099053,0.005319148936170359,0.0,0.027027027027026973
1976-07-01,-0.031021897810219135,0.00807349665924284,0.005291005291005346,-0.2666666666666666,0.026315789473684292
1976-08-01,-0.0037664783427494575,0.011414894596336378,0.0052631578947368585,0.0,0.0
1976-09-01,-0.007561436672967825,0.011013015381814872,0.00523560209424101,0.0,-0.02564102564102566
1976-10-01,-0.043809523809523854,0.012783579402232625,0.005208333333333259,0.3181818181818181,0.013157894736842257
1976-11-01,-0.013944223107569598,0.011733333333333373,0.003454231433505983,0.0,0.01298701298701288
1976-12-01,-0.06060606060606055,0.01212440695835526,0.005163511187607606,0.0,0.0
1977-01-01,-0.008602150537634468,0.011458333333333348,0.005136986301369939,0.6551724137931034,-0.038461538461538436
1977-02-01,0.015184381778741818,0.0106419498798489,0.010221465076660996,0.0,0.013333333333333197
1977-03-01,0.002136752136752351,0.009256114130434812,0.005059021922428464,0.0,-0.02631578947368407
1977-04-01,0.008528784648187626,0.009339503575936048,0.006711409395973034,0.6666666666666667,-0.027027027027027084
1977-05-01,0.13107822410147985,0.00783594531510512,0.0033333333333334103,0.0,-0.02777777777777779
1977-06-01,0.007476635514018781,0.007278742762613755,0.004983388704318914,0.0,0.028571428571428692
1977-07-01,0.005565862708719838,0.007308260798160715,0.0049586776859502635,-0.07499999999999996,-0.04166666666666663
1977-08-01,0.08856088560885622,0.008396510964375992,0.00493421052631593,0.0,0.014492753623188248
1977-09-01,0.04067796610169472,0.007437348423605439,0.003273322422258529,0.0,-0.02857142857142858
1977-10-01,0.05374592833876224,0.006259027443427989,0.004893964110930016,-1.0,0.0
1978-01-01,0.021341463414634276,0.007399826812564125,0.006420545746388617,0.0,0.0
1978-02-01,0.011940298507462588,0.004532312260685956,0.004784688995215225,0.0,-0.01562500000000011
1978-03-01,0.001474926253687281,0.005211979774406794,0.006349206349206327,0.0,0.0
1978-04-01,0.014727540500736325,0.006345766909147121,0.007886435331230235,11.615384615384613,-0.031746031746031744
1978-05-01,0.06821480406386082,0.007766840972008637,0.009389671361502261,0.0,-0.016393442622950727
1978-06-01,0.032608695652173836,0.006104540251812285,0.007751937984496138,0.0,-0.016666666666666607
1978-07-01,0.02763157894736845,0.004247250663632851,0.007692307692307665,-0.75,0.05084745762711851
1978-08-01,0.02944942381562088,0.0070991616947360114,0.006106870229007688,0.0,-0.048387096774193505
1978-09-01,0.05099502487562191,0.008623922009748819,0.009104704097116834,0.0,0.016949152542372836
1978-10-01,0.06035502958579908,0.005427509293680188,0.009022556390977376,0.3414634146341464,-0.033333333333333326
1978-11-01,0.08928571428571419,0.005028470014050157,0.005961251862891315,0.0,0.017241379310344973
1978-12-01,0.027663934426229497,0.0050768891177985775,0.005925925925926112,0.0,0.016949152542372836
1979-01-01,0.003988035892323216,0.0040995607613469875,0.008836524300441795,-0.8727272727272728,-0.016666666666666607
1979-02-01,-0.0009930486593843213,0.004520268299795793,0.010218978102189746,0.0,0.0
1979-03-01,0.0029821073558646827,0.007257947452460334,0.010115606936416333,0.0,-0.016949152542372947
1979-04-01,-0.007928642220019877,0.0103040783974635,0.010014306151645114,-0.4285714285714285,0.0
1979-05-01,0.022977022977022976,0.005777048712645394,0.011331444759206999,0.0,-0.034482758620689724
1979-06-01,0.0048828125,0.009076726705431915,0.011204481792717047,0.0,0.017857142857143016
1979-07-01,0.017492711370262537,0.00829234012649338,0.011080332409972193,6.5,0.0
1979-08-01,0.04489016236867238,0.008224142737663698,0.009589041095890538,0.0,0.05263157894736836
1979-09-01,0.04478976234003662,0.005184570717544634,0.009497964721845387,0.0,-0.016666666666666607
1979-10-01,0.20472440944881898,0.004332576851660885,0.010752688172043001,-0.6666666666666667,0.016949152542372836
1979-11-01,-0.042846768336964436,0.0037660914817858604,0.010638297872340496,0.0,-0.016666666666666607
1979-12-01,0.04552352048558417,0.005320963230779796,0.011842105263157876,0.0,0.016949152542372836
1980-01-01,0.002902757619738905,0.006107077424170493,0.014304291287386084,0.30000000000000004,0.050000000000000044
1980-02-01,0.02243125904486254,0.0080258986983206,0.012820512820512775,0.0,0.0
1980-03-01,0.21656050955414008,0.0034791917569918507,0.013924050632911245,0.0,0.0
1980-04-01,0.024432809773123898,0.0016002133617816217,0.00998751560549338,-7.153846153846153,0.09523809523809534
1980-05-01,-0.3764906303236797,0.006723472240713457,0.009888751545117369,0.0,0.08695652173913038
1980-06-01,-0.13752276867030966,0.011175031409111913,0.009791921664626724,0.0,0.013333333333333197
1980-07-01,-0.046462513199577726,0.010659168192518997,0.00121212121212122,-0.9375,0.026315789473684292
1980-08-01,0.06423034330011079,0.010352636687156247,0.007263922518159882,0.0,-0.012820512820512775
1980-09-01,0.1311134235171696,0.008005123278898463,0.008413461538461675,0.0,-0.025974025974025983
1980-10-01,0.1784728610855566,0.00686149936467606,0.009535160905840279,-16.4,0.0
1980-11-01,0.2373145979703355,0.0069409389197374605,0.010625737898465104,0.0,0.0
1980-12-01,0.19242902208201884,0.002506579771901274,0.009345794392523477,0.0,-0.039999999999999925
1981-01-01,0.00952380952380949,0.004438054756844778,0.0092592592592593,0.051948051948051965,0.04166666666666674
1981-02-01,-0.16509433962264142,0.007343331881262127,0.00917431192660545,0.0,-0.013333333333333308
1981-03-01,-0.07721280602636538,0.011058256625687157,0.006818181818181834,0.0,0.0
1981-04-01,0.06938775510204098,0.013809116460955728,0.0056433408577878375,-1.3580246913580247,-0.027027027027027084
1981-05-01,0.1781170483460559,0.003013500482160092,0.006734006734006925,0.0,0.04166666666666674
1981-06-01,0.03131749460043198,0.003665424828746433,0.008918617614269708,0.0,0.0
1981-07-01,-0.003141361256544628,0.006944860204753711,0.011049723756906049,-2.6896551724137936,-0.039999999999999925
1981-08-01,-0.06407563025210083,0.007372614305249936,0.007650273224043769,0.0,0.0277777777777779
1981-09-01,-0.10942760942760954,0.0069055066989316405,0.009761388286333883,0.0,0.027027027027026973
1981-10-01,-0.04977945809703843,0.009261430246189972,0.003222341568206444,-1.8775510204081631,0.03947368421052633
1981-11-01,-0.11737400530503972,0.008305261935183994,0.004282655246252487,0.0,0.05063291139240511
1981-12-01,-0.07062359128474838,0.011174471516617768,0.0031982942430703876,0.0,0.02409638554216853
1982-01-01,0.06871463217461615,0.008487610367416742,0.0031880977683316214,0.4186046511627908,0.0117647058823529
1982-02-01,0.11800302571860799,0.002315860822412974,0.0031779661016948513,0.0,0.03488372093023262
1982-03-01,-0.006765899864682012,0.006762468300929747,0.0,0.0,0.011235955056179803
1982-04-01,0.017711171662125436,0.009739714525608845,0.0031678986272438703,-1.2950819672131149,0.03333333333333344
1982-05-01,-0.03279785809906288,0.0063750762237375636,0.0094736842105263,0.0,0.010752688172043001
1982-06-01,-0.02076124567474036,0.005838933568359517,0.011470281543274119,0.0,0.02127659574468077
1982-07-01,-0.11024734982332163,0.003012048192771122,0.005154639175257714,-1.8333333333333333,0.02083333333333348
1982-08-01,-0.19618745035742657,0.007480207480207612,0.002051282051282133,0.0,0.0
1982-09-01,0.018774703557312478,0.007153696076306115,0.0,0.0,0.030612244897959107
1982-10-01,-0.058195926285160016,0.00608049935428312,0.004094165813715467,-1.1333333333333333,0.02970297029702973
1982-11-01,-0.05252317198764178,0.007487832272557116,-0.0010193679918449883,0.0,0.03846153846153855
1982-12-01,-0.02717391304347827,0.011785316133142265,-0.003061224489795844,0.0,0.0
1983-01-01,-0.03016759776536304,0.028070727740175272,0.0020470829068577334,26.0,-0.03703703703703709
1983-02-01,-0.019585253456221197,0.019087475757884942,0.0010214504596526286,0.0,0.0
1983-03-01,0.03055229142185656,0.009214743589743613,0.0010204081632652073,0.0,-0.009615384615384581
1983-04-01,0.003420752565564511,0.006649464073044786,0.007135575942915473,0.7407407407407407,-0.009708737864077777
1983-05-01,-0.01931818181818179,0.007147786650892218,0.004048582995951566,0.0,-0.009803921568627416
1983-06-01,0.04055619930475074,0.005090303949880193,0.002016129032258007,0.0,0.0
1983-07-01,0.04342984409799544,0.005502800097394678,0.004024144869215096,-0.12765957446808518,-0.06930693069306926
1983-08-01,0.020277481323372593,0.0044556373498643165,0.0030060120240480437,0.0,0.010638297872340496
1983-09-01,-0.011506276150627714,0.004435872709739552,0.0029970029970030065,0.0,-0.03157894736842115
1983-10-01,0.0031746031746033854,0.007680491551459223,0.003984063745019917,0.04878048780487809,-0.04347826086956508
1983-11-01,-0.014767932489451518,0.006240472560975707,0.0029761904761904656,0.0,-0.03409090909090917
1983-12-01,0.013918629550321304,0.005302277138663936,0.0029673590504453173,0.0,-0.0235294117647058
1984-01-01,0.009503695881731833,0.006922533553096244,0.006903353057199135,-0.05813953488372092,-0.03614457831325313
1984-02-01,0.003138075313807498,0.009353661958656723,0.004897159647404559,0.0,-0.025000000000000022
1984-03-01,0.033368091762252305,0.00787693448243898,0.0029239766081872176,0.0,0.0
1984-04-01,0.038345105953582204,0.007585509378448041,0.0038872691933915515,-0.12345679012345678,-0.012820512820512775
1984-05-01,0.00291545189504383,0.005657708628005631,0.0019361084220717029,0.0,-0.038961038961038974
1984-06-01,0.07170542635658927,0.004990699151581124,0.0019323671497584183,0.0,-0.027027027027027084
1984-07-01,0.015370705244122984,0.003792153853099167,0.0038572806171648377,-0.45070422535211263,0.04166666666666674
1984-08-01,0.0365093499554765,0.0031032156510006903,0.0028818443804035088,0.0,0.0
1984-09-01,-0.029209621993127155,0.006276901004304225,0.002873563218390718,0.0,-0.026666666666666727
1984-10-01,-0.11592920353982306,0.006460523970771792,0.0038204393505252288,-0.15384615384615385,0.013698630136986356
1984-11-01,-0.056056056056056125,0.009960600292177713,0.0019029495718363432,0.0,-0.027027027027027084
1984-12-01,-0.11134676564156931,0.010958183571491142,0.0018993352326686086,0.0,0.01388888888888884
1985-01-01,-0.0035799522673032325,0.011272979535206451,0.0018957345971564177,0.18181818181818188,0.0
1985-02-01,0.017964071856287456,0.009303721488595373,0.005676442762535316,0.0,-0.013698630136986245
1985-03-01,0.009411764705882453,0.005139968565481379,0.00470366886171214,0.0,0.0
1985-04-01,-0.036130536130536184,0.003888090609416084,0.0018726591760300781,-0.07692307692307687,0.01388888888888884
1985-05-01,-0.03627569528415964,0.005935842384440448,0.0018691588785046953,0.0,-0.013698630136986245
1985-06-01,-0.05520702634880792,0.009667294413057137,0.002798507462686617,0.0,0.0277777777777779
1985-07-01,0.04648074369189903,0.00700489098897461,0.0018604651162790198,0.75,0.0
1985-08-01,0.002538071065989911,0.005968306235851095,0.0018570102135562205,0.0,-0.04054054054054068
1985-09-01,0.0025316455696202667,0.005073649754500753,0.001853568118628246,0.0,0.0
1985-10-01,0.008838383838383868,0.004722357922162468,0.0037002775208141436,-0.5238095238095237,0.0
1985-11-01,0.007509386733416834,0.0039708265802269604,0.004608294930875667,0.0,-0.014084507042253502
1985-12-01,0.027329192546583725,0.005771248688352548,0.004587155963302836,0.0,0.0
1986-01-01,-0.015719467956469058,0.004012680069018115,0.0036529680365298134,0.2666666666666666,-0.042857142857142816
1986-02-01,-0.03439803439803446,0.004316374245633803,-0.0018198362147406888,0.0,0.07462686567164178
1986-03-01,-0.0483460559796437,0.00803852123045079,-0.005469462169553352,0.0,0.0
1986-04-01,-0.06550802139037437,0.009750898109036399,-0.0036663611365719273,-0.5263157894736842,-0.01388888888888895
1986-05-01,-0.02002861230329045,0.010555946516537684,0.002759889604415866,0.0,0.014084507042253502
1986-06-01,0.010218978102189746,0.007814917982048808,0.003669724770642313,0.0,0.0
1986-07-01,-0.052023121387283267,0.008291746641074793,0.000914076782449591,1.1666666666666665,-0.02777777777777779
1986-08-01,-0.05945121951219512,0.007576334424731712,0.0009132420091324533,0.0,-0.014285714285714235
1986-09-01,-0.04538087520259326,0.008048365766106347,0.0036496350364965124,0.0,0.014492753623188248
1986-10-01,-0.006791171477079749,0.007346877577029787,0.001818181818181941,-0.4358974358974358,0.0
1986-11-01,0.032478632478632585,0.005172285480389949,0.001814882032667997,0.0,-0.014285714285714235
1986-12-01,0.14403973509933787,0.009884129863398927,0.0036231884057971175,0.0,-0.0434782608695653
1987-01-01,-0.06946454413892911,0.005828445747800615,0.005415162454873723,0.36363636363636354,0.0
1987-02-01,-0.051321928460342114,0.00131200116622332,0.0035906642728904536,0.0,0.0
1987-03-01,0.004918032786885185,0.002256596906278441,0.003577817531305927,0.0,0.0
1987-04-01,0.039151712887438794,0.005084068707557066,0.004456327985739694,0.4666666666666668,-0.045454545454545414
1987-05-01,0.0753532182103609,0.0018788163457024165,0.002661934338952898,0.0,0.0
1987-06-01,-0.017518248175182327,0.0006130765624436929,0.004424778761061843,0.0,-0.015873015873015817
1987-07-01,-0.022288261515601815,0.0015858141714122365,0.002643171806167466,-0.20454545454545459,-0.016129032258064613
1987-08-01,0.022796352583586588,0.00331054336092107,0.004393673110720586,0.0,-0.016393442622950727
1987-09-01,0.07280832095096579,0.004052793917222575,0.0034995625546807574,0.0,-0.016666666666666607
1987-10-01,0.00969529085872578,0.005465261653866849,0.0026155187445509043,1.0,0.016949152542372836
1987-11-01,-0.08230452674897115,0.0014565866136138084,0.003478260869565375,0.0,-0.033333333333333326
1987-12-01,0.01195814648729443,0.002660612295576348,0.0017331022530329143,0.0,-0.01724137931034475
1988-01-01,0.00886262924667669,0.007429946221341632,0.0034602076124568004,-0.7,0.0
1988-02-01,-0.03660322108345537,0.008077544426494443,0.0017241379310344307,0.0,0.0
1988-03-01,0.0,0.00707218506131535,0.002581755593803692,0.0,0.0
1988-04-01,0.04407294832826758,0.006918739405680219,0.006008583690987113,1.5714285714285716,-0.05263157894736836
1988-05-01,0.03202328966521106,0.005256467516405072,0.0025597269624573205,0.0,0.03703703703703698
1988-06-01,0.05923836389280668,0.0042378673957621515,0.004255319148936065,0.0,-0.03571428571428559
1988-07-01,0.031957390146471365,0.0029948271167981044,0.004237288135593209,-0.5555555555555556,0.0
1988-08-01,0.0335483870967741,0.0016286644951140072,0.00421940928270037,0.0,0.03703703703703698
1988-09-01,0.022471910112359605,0.0016598915989161078,0.004201680672268893,0.0,-0.03571428571428559
1988-10-01,0.013431013431013605,0.002840813013629262,0.0033472803347280866,1.2500000000000004,0.0
1988-11-01,0.0060240963855420215,0.00502478669949058,0.0033361134278564464,0.0,-0.0185185185185186
1988-12-01,0.049101796407185594,0.0026843835984162734,0.0033250207813799726,0.0,0.0
1989-01-01,0.041095890410958846,0.001171273676460638,0.0041425020712511085,-0.2407407407407408,0.018867924528301883
1989-02-01,0.026315789473684292,0.00016712905705795755,0.0033003300330032292,0.0,-0.03703703703703709
1989-03-01,0.052350427350427386,0.002506516944054571,0.00493421052631593,0.0,-0.03846153846153855
1989-04-01,-0.0010152284263958977,0.0021002100210021357,0.0073649754500817455,-0.24390243902439013,0.040000000000000036
1989-05-01,-0.0030487804878047697,0.001862940785096523,0.004874086108854758,0.0,0.0
1989-06-01,-0.02854230377166167,0.005412405365918582,0.003233629749393563,0.0,0.019230769230769162
1989-07-01,-0.030430220356768012,0.008091416493279269,0.003223207091055613,-0.032258064516129115,-0.01886792452830177
1989-08-01,-0.027056277056277,0.007207443323286489,0.0,0.0,0.0
1989-09-01,0.0033370411568409697,0.005887327608639081,0.002409638554216942,0.0,0.019230769230769162
1989-10-01,-0.019955654101995512,0.006984640258690389,0.004807692307692291,-0.7333333333333334,0.0
1989-11-01,-0.03280542986425328,0.00616550528242521,0.003987240829345984,0.0,0.018867924528301883
1989-12-01,-0.011695906432748648,0.006127724763029363,0.003177124702144596,0.0,0.0
1990-01-01,-0.026035502958579704,0.004536082474226877,0.009501187648456089,4.5,0.0
1990-02-01,0.0012150668286754485,0.003915624605279611,0.0039215686274509665,0.0,-0.0185185185185186
1990-03-01,0.004854368932038833,0.003428535480624051,0.004687499999999956,0.0,-0.01886792452830177
1990-04-01,-0.0024154589371979673,0.0036049026676279183,0.002332814930015692,-0.6590909090909092,0.03846153846153855
1990-05-01,-0.009685230024213065,-0.0003123438280859814,0.0015515903801395226,0.0,0.0
1990-06-01,0.01344743276283622,0.0040929825657689545,0.006196746707978429,0.0,-0.03703703703703709
1990-07-01,-0.016887816646562026,0.0033606123782556896,0.004618937644341736,-0.8,0.05769230769230771
1990-08-01,-0.0024539877300613355,0.005427198015196089,0.008429118773946254,0.0,0.036363636363636376
1990-09-01,0.008610086100860892,0.0038864898210979604,0.006838905775075954,0.0,0.03508771929824572
1990-10-01,-0.01097560975609757,0.001444109875253563,0.006792452830188811,-13.0,0.0
1990-11-01,-0.036991368680641123,0.0010124873439081306,0.002248875562218755,0.0,0.05084745762711851
1990-12-01,-0.06402048655569781,0.0028198369398639844,0.0037397157816005944,0.0,0.016129032258064502
1991-01-01,-0.05471956224350194,0.00485971025123777,0.0037257824143070994,-0.4722222222222222,0.01587301587301604
1991-02-01,-0.09551374819102754,0.005109955287891266,0.0007423904974017681,0.0,0.031249999999999778
1991-03-01,-0.02079999999999993,0.0052655469813891465,0.0,0.0,0.030303030303030276
1991-04-01,-0.03431372549019607,0.003160841686986382,0.002225519287833766,-2.6842105263157894,-0.014705882352941124
1991-05-01,-0.021996615905245376,0.0031808906493817624,0.0037009622501851247,0.0,0.029850746268656803
1991-06-01,0.02076124567474058,0.002662279389769706,0.002949852507374784,0.0,0.0
1991-07-01,-0.013559322033898313,0.001253020674841121,0.0014705882352941124,-0.375,-0.01449275362318847
1991-08-01,-0.027491408934707917,-0.00032776138970824764,0.002936857562408246,0.0,0.014705882352941346
1991-09-01,-0.03710247349823326,-2.9806259314479888e-05,0.002928257686676483,0.0,0.0
1991-10-01,-0.044036697247706424,0.0015499716832094723,0.0014598540145984717,-0.30000000000000004,0.014492753623188248
1991-11-01,-0.07677543186180424,0.0016070950269337914,0.004373177842565745,0.0,0.0
1991-12-01,-0.079002079002079,0.0019907888872381374,0.002902757619738683,0.0,0.04285714285714293
1992-01-01,-0.09029345372460484,0.0026688808492971727,0.0007235890014474222,2.5000000000000004,0.0
1992-02-01,0.007444168734491052,0.005560156157577323,0.002169197396963085,0.0,0.013698630136986356
1992-03-01,-0.01970443349753681,0.00114705882352939,0.003607503607503615,0.0,0.0
1992-04-01,-0.06281407035175879,-0.0012338787860983746,0.0021567217828901697,-0.10204081632653061,0.0
1992-05-01,0.024128686327077764,-0.00032355796099647893,0.002152080344332674,0.0,0.027027027027026973
1992-06-01,-0.015706806282722474,-0.0015300417819101853,0.0028632784538296097,0.0,0.026315789473684292
1992-07-01,-0.13563829787234039,0.00014734484587730634,0.002855103497501732,-0.09090909090909094,-0.012820512820512775
1992-08-01,0.01538461538461533,0.001443766758006948,0.002135231316725994,0.0,-0.012987012987013102
1992-09-01,-0.024242424242424176,0.003383547134282683,0.0021306818181816567,0.0,0.0
1992-10-01,-0.037267080745341685,0.00395859601794557,0.00425230333097093,0.050000000000000044,-0.03947368421052633
1992-11-01,-0.003225806451612967,0.0007885974648051963,0.0028228652081863093,0.0,0.013698630136986356
1992-12-01,-0.055016181229773475,-0.0005253173792499899,0.0014074595355384467,0.0,0.0
1993-01-01,0.03424657534246589,-0.0016351797237713628,0.0035137034434293835,-0.8333333333333334,-0.013513513513513598
1993-02-01,0.0033112582781456013,-0.001345383287999713,0.0021008403361342243,0.0,-0.0273972602739726
1993-03-01,0.013201320132013139,-0.0008200322155513806,0.0013976240391335715,0.0,-0.014084507042253502
1993-04-01,-0.03583061889250816,-0.00011724360289577795,0.0034891835310537633,2.2857142857142856,0.014285714285714235
1993-05-01,0.013513513513513598,0.007504470436490385,0.0027816411682890507,0.0,0.0
1993-06-01,0.01333333333333342,0.0016002793214815458,0.0006934812760057696,0.0,-0.014084507042253502
1993-07-01,0.006578947368421018,-0.0001161980013943964,0.001386001386001201,-0.17391304347826086,-0.014285714285714235
1993-08-01,-0.009803921568627527,0.0010749564206855577,0.0020761245674740803,0.0,-0.01449275362318847
1993-09-01,0.01980198019801982,0.0018864091476333833,0.0013812154696131174,0.0,-0.014705882352941124
1993-10-01,-0.032362459546925404,0.0013035165981114538,0.004137931034482678,1.9473684210526314,0.014925373134328401
1993-11-01,0.010033444816053505,0.0038765296380942615,0.0027472527472527375,0.0,-0.02941176470588236
1993-12-01,-0.019867549668874163,0.001267974986311593,0.00205479452054802,0.0,-0.015151515151515138
1994-01-01,0.03040540540540526,0.00011512447834216566,0.0,-0.3035714285714285,0.01538461538461533
1994-02-01,0.06557377049180335,0.00023022245244463946,0.002734107997265811,0.0,0.0
1994-03-01,0.027692307692307683,0.001265932042466389,0.0027266530334015826,0.0,-0.015151515151515138
1994-04-01,0.06586826347305386,0.00034481767765304205,0.0006798096532969478,0.41025641025641035,-0.01538461538461533
1994-05-01,0.1264044943820224,0.0027288656536350597,0.0020380434782609758,0.0,-0.04687500000000011
1994-06-01,0.05985037406483795,-0.003237080325426911,0.0027118644067796183,0.0,0.0
1994-07-01,0.0023529411764704466,0.0025003592470183023,0.0033806626098715764,-0.5636363636363637,0.0
1994-08-01,0.04929577464788726,-0.0007167020239665645,0.0040431266846361336,0.0,-0.016393442622950727
1994-09-01,0.05816554809843422,0.00011475456866638645,0.002013422818792021,0.0,-0.016666666666666607
1994-10-01,0.006342494714587588,-0.0005163363070479488,0.0006697923643670389,0.9583333333333335,-0.016949152542372947
1994-11-01,0.1113445378151261,0.0008323049105989355,0.0026773761713521083,0.0,-0.034482758620689724
1994-12-01,0.030245746691871522,-0.00022941041523272254,0.0020026702269690944,0.0,-0.017857142857142794
1995-01-01,0.014678899082568808,0.0017209729233593762,0.0026648900732844094,-0.7021276595744681,0.018181818181818077
1995-02-01,0.07052441229656403,-0.0007158401099530698,0.0026578073089700283,0.0,-0.03571428571428559
1995-03-01,0.01013513513513531,0.0003438493939653675,0.001988071570576455,0.0,0.0
1995-04-01,0.011705685618728978,0.002320185614849146,0.003968253968254176,-0.1428571428571428,0.07407407407407396
1995-05-01,-0.006611570247933907,0.0071444901691815055,0.0019762845849802257,0.0,-0.034482758620689724
1995-06-01,-0.0016638935108153063,0.007008682821633361,0.0019723865877712132,0.0,0.0
1995-07-01,-0.025000000000000022,0.005212882865113233,0.001312335958005173,1.916666666666667,0.017857142857143016
1995-08-01,-0.018803418803418737,0.006054829848068488,0.001965923984272644,0.0,0.0
1995-09-01,0.010452961672473782,0.0036500417943716723,0.001308044473512071,0.0,-0.01754385964912286
1995-10-01,-0.006896551724137945,0.0031370589378418856,0.0026126714565644082,-0.22857142857142854,-0.017857142857142794
1995-11-01,0.00694444444444442,0.0017988597996347888,0.0013029315960910726,0.0,0.018181818181818077
1995-12-01,-0.034482758620689724,0.0026520069615183495,0.0013012361743658385,0.0,0.0
1996-01-01,-0.0071428571428571175,0.0050695688111310755,0.005198180636777128,0.11111111111111094,0.0
1996-02-01,-0.0611510791366906,0.0038104114696126956,0.0019392372333548735,0.0,-0.017857142857142794
1996-03-01,0.01724137931034475,0.006854552405920478,0.003225806451612856,0.0,0.0
1996-04-01,-0.016949152542372836,0.0029292901895900947,0.0038585209003214604,1.2666666666666666,0.018181818181818077
1996-05-01,0.003831417624521105,0.003218216729318213,0.0019218449711724261,0.0,0.0
1996-06-01,0.005725190839694472,0.0034774638775070255,0.0019181585677747748,0.0,-0.05357142857142849
1996-07-01,0.024667931688804767,0.003922095366017508,0.0019144862795150708,-0.47058823529411764,0.037735849056603765
1996-08-01,-0.03333333333333344,0.0018463514489845956,0.001273885350318471,0.0,-0.07272727272727275
1996-09-01,0.015325670498084198,0.002510683760683863,0.0031806615776082126,0.0,0.019607843137255054
1996-10-01,-0.011320754716981019,0.0051686470933021145,0.003170577045022105,0.16666666666666674,0.0
1996-11-01,0.013358778625954137,0.005910729431721773,0.003160556257901348,0.0,0.03846153846153855
1996-12-01,-0.0037664783427494575,0.006192195199072437,0.002520478890989386,0.0,0.0
1997-01-01,-0.007561436672967825,0.004190017283821401,0.0018856065367693908,-0.38095238095238093,-0.0185185185185186
1997-02-01,-0.011428571428571344,0.0030511657017682214,0.0018820577164364583,0.0,-0.01886792452830177
1997-03-01,0.038535645472061564,0.0038738527935937572,0.0006261740763933155,0.0,0.0
1997-04-01,0.02226345083487935,0.004091992126800115,0.0006257822277846437,1.6153846153846154,-0.019230769230769384
1997-05-01,-0.001814882032667886,0.0031467629610522074,0.0,0.0,-0.039215686274509665
1997-06-01,0.010909090909090757,0.004319654427645814,0.0018761726078797558,0.0,0.020408163265306145
1997-07-01,-0.007194244604316502,0.00458269329237071,0.0012484394506866447,-0.25,-0.019999999999999907
1997-08-01,0.0036231884057971175,0.008537424501134039,0.0024937655860348684,0.0,-0.020408163265306256
1997-09-01,0.0,0.003967251225552193,0.0024875621890545485,0.0,0.02083333333333348
1997-10-01,-0.0072202166064981865,0.004832498552767461,0.0018610421836229296,-0.3137254901960784,-0.04081632653061229
1997-11-01,0.0036363636363636598,0.005635849009342886,0.0012383900928791824,0.0,-0.021276595744680993
1997-12-01,-0.0036231884057970065,0.004508319218890167,0.0006184291898578831,0.0,0.021739130434782705
1998-01-01,0.010909090909090757,0.005777480225148013,0.0012360939431395046,0.17142857142857126,-0.021276595744680993
1998-02-01,-0.008992805755395628,0.008061732656180709,0.0,0.0,0.0
1998-03-01,-0.003629764065335661,0.006211939641468378,0.0,0.0,0.021739130434782705
1998-04-01,-0.007285974499089298,0.006295117030843622,0.0012345679012344402,-0.07317073170731703,-0.08510638297872353
1998-05-01,0.007339449541284404,0.005845128254673648,0.002466091245376223,0.0,0.023255813953488413
1998-06-01,0.012750455373406133,0.00473057343194716,0.0012300123001232066,0.0,0.022727272727272707
1998-07-01,-0.003597122302158251,0.004708300470829929,0.002457002457002311,0.3421052631578947,0.0
1998-08-01,0.0018050541516245744,0.005923212331699901,0.001225490196078427,0.0,0.0
1998-09-01,-0.007207207207207245,0.00922269255326702,0.000611995104039087,0.0,0.022222222222222143
1998-10-01,-0.07985480943738643,0.009419593692152617,0.0024464831804280607,0.2941176470588236,-0.021739130434782483
1998-11-01,-0.047337278106508895,0.008983495438612987,0.0012202562538132788,0.0,-0.022222222222222143
1998-12-01,-0.03105590062111807,0.0066718814705746254,0.001828153564899626,0.0,0.0
1999-01-01,-0.010683760683760646,0.0062619983545113556,0.0018248175182480342,-0.4242424242424242,-0.022727272727272818
1999-02-01,0.02807775377969768,0.005178287531228731,0.0,0.0,0.023255813953488413
1999-03-01,0.010504201680672232,0.0015364453884043616,0.0006071645415908211,0.0,-0.045454545454545525
1999-04-01,-0.014553014553014387,0.006497315345395327,0.006674757281553312,-0.10526315789473684,0.023809523809523725
1999-05-01,0.0,0.005536378715201629,0.0006027727546713546,0.0,-0.023255813953488302
1999-06-01,0.00421940928270037,0.004881745837141294,0.0,0.0,0.023809523809523725
1999-07-01,0.04831932773109249,0.0060780834072757806,0.004216867469879482,0.5882352941176472,0.0
1999-08-01,0.01603206412825653,0.003814437535829329,0.002399520095980767,0.0,-0.023255813953488302
1999-09-01,0.029585798816567976,0.003536363037318635,0.00418910831837227,0.0,0.0
1999-10-01,-0.003831417624520994,0.0052311329014183006,0.0017878426698449967,0.2407407407407407,-0.023809523809523947
1999-11-01,0.04230769230769216,0.0041587737060988506,0.0017846519928614857,0.0,0.0
1999-12-01,-0.022140221402214055,0.005962964569148799,0.002375296912114022,0.0,-0.024390243902438935
2000-01-01,0.028301886792452935,0.0061000581984351765,0.002962085308056972,-0.7761194029850746,0.0
2000-02-01,0.05137614678899083,0.0028494301139769806,0.0041346721795627595,0.0,0.02499999999999991
2000-03-01,0.02094240837696315,0.0065799312098100415,0.00588235294117645,0.0,-0.024390243902438935
2000-04-01,0.029059829059828957,0.011906530551605732,-0.0005847953216373547,4.0,-0.050000000000000044
2000-05-01,0.04152823920265791,-0.0025378581316330973,0.0017554125219425565,0.0,0.05263157894736836
2000-06-01,0.04146730462519943,0.0037639043673909356,0.005841121495327117,0.0,0.0
2000-07-01,0.0015313935681469104,0.0037078934137757535,0.0029036004645761615,-0.9466666666666667,0.0
2000-08-01,-0.006116207951070374,0.005885667772838277,0.0,0.0,0.02499999999999991
2000-09-01,0.003076923076922977,0.007428156447764289,0.005211349160393786,0.0,-0.04878048780487798
2000-10-01,-0.0015337423312883347,0.003315963998105076,0.001728110599078514,4.999999999999999,0.0
2000-11-01,0.0,0.002340189678532001,0.0017251293847038163,0.0,0.0
2000-12-01,-0.016897081413210335,0.009195543540591489,0.0022962112514350874,0.0,0.0
2001-01-01,-0.06562499999999993,0.010288775696572383,0.00572737686139746,-1.5416666666666667,0.0769230769230771
2001-02-01,-0.08193979933110374,0.0077735818736945905,0.002277904328018332,0.0,0.0
2001-03-01,-0.03278688524590179,0.011520599549540433,0.0005681818181817455,0.0,0.023809523809523725
2001-04-01,-0.096045197740113,0.012670200398037457,0.0017035775127769437,-2.923076923076923,0.023255813953488413
2001-05-01,-0.12291666666666667,-0.0003697073474470125,0.005102040816326481,0.0,-0.022727272727272818
2001-06-01,-0.05700712589073631,0.008370155529169088,0.002256063169768563,0.0,0.04651162790697683
2001-07-01,-0.05037783375314864,0.005771866494218347,-0.0016882386043892694,-1.6400000000000001,0.022222222222222143
2001-08-01,-0.03183023872679047,0.006468081839468676,0.0,0.0,0.0652173913043479
2001-09-01,-0.1589041095890411,0.021243730811037587,0.003945885005636862,0.0,0.020408163265306145
2001-10-01,-0.18892508143322462,-0.002110059193696001,-0.0028074115665356336,-1.6875,0.06000000000000005
2001-11-01,-0.1606425702811246,0.008177395209580718,-0.0005630630630630851,0.0,0.037735849056603765
2001-12-01,-0.1291866028708133,0.00983722182007174,-0.0005633802816901179,0.0,0.036363636363636376
2002-01-01,-0.0494505494505495,0.003749517525318602,0.0016910935738443378,2.0909090909090904,0.0
2002-02-01,0.005780346820809301,0.005365219461280546,0.0016882386043894915,0.0,0.0
2002-03-01,-0.005747126436781658,0.0021492058866385833,0.002808988764045006,0.0,0.0
2002-04-01,0.011560693641618602,1.8174548362503984e-05,0.004481792717086819,-0.2647058823529411,0.03508771929824572
2002-05-01,0.0,0.004761645130218151,0.001115448968209698,0.0,-0.016949152542372947
2002-06-01,0.0,0.004522022248349522,0.0005571030640667551,0.0,0.0
2002-07-01,-0.011428571428571455,0.007688844872602907,0.00222717149220486,-0.36,0.0
2002-08-01,0.005780346820809301,0.007540831278367355,0.002777777777777768,0.0,-0.01724137931034475
2002-09-01,0.005747126436781658,0.0042742622020433,0.0016620498614958734,0.0,0.0
2002-10-01,0.0,0.007894039735099279,0.0022123893805308104,-0.6875,0.0
2002-11-01,-0.2342857142857142,0.008936080740117758,0.0016556291390728006,0.0,0.03508771929824572
2002-12-01,-0.0746268656716419,0.003699072626862643,0.0016528925619836432,0.0,0.016949152542372836
2003-01-01,0.0,0.005675231421403248,0.004400440044004306,3.2,-0.033333333333333326
2003-02-01,0.016129032258064502,0.006210966398843665,0.005476451259583737,0.0,0.017241379310344973
2003-03-01,-0.007936507936507908,0.0034539361192806872,0.0016339869281045694,0.0,0.0
2003-04-01,0.008000000000000007,0.006321780322393611,-0.0038064165307233333,0.7142857142857142,0.016949152542372836
2003-05-01,0.0,0.0101258106575004,-0.0016375545851528006,0.0,0.016666666666666607
2003-06-01,-0.031746031746031744,0.006185567010309256,0.0010934937124111865,0.0,0.032786885245901676
2003-07-01,-0.17213114754098358,0.00783020125283218,0.003276897870016393,0.8888888888888888,-0.015873015873015817
2003-08-01,0.01980198019801982,0.009571197143518395,0.004354926510615087,0.0,-0.016129032258064613
2003-09-01,-0.01941747572815533,-0.004486434267188533,0.003252032520325132,0.0,0.0
2003-10-01,0.0,-0.0015954209773186845,-0.0010804970286331095,-0.3088235294117646,-0.016393442622950727
2003-11-01,-0.00990099009900991,0.0009060656980000026,0.0005408328826392861,0.0,-0.033333333333333326
2003-12-01,-0.020000000000000018,-0.00027980315025422087,0.002702702702702675,0.0,-0.01724137931034475
2004-01-01,0.020408163265306145,0.0013500164636153222,0.004312668463611891,-0.5106382978723405,0.0
2004-02-01,0.010000000000000009,0.006527243431653007,0.0021470746108425143,0.0,-0.01754385964912286
2004-03-01,-0.00990099009900991,0.005896862085300381,0.002142474558114671,0.0,0.03571428571428581
2004-04-01,0.0,0.006674244884702807,0.0016034206306787535,0.34782608695652195,-0.034482758620689724
2004-05-01,0.0,0.012388895162200875,0.004268943436499306,0.0,0.0
2004-06-01,0.030000000000000027,0.00035054733185679865,0.0037194473963868546,0.0,0.0
2004-07-01,0.2233009708737863,0.0021025469489175386,0.001058761249338236,0.22580645161290303,-0.017857142857142794
2004-08-01,0.13492063492063489,0.004228060973089809,0.0005288207297726721,0.0,-0.018181818181818077
2004-09-01,0.12587412587412605,0.005444847180233969,0.003171247357294016,0.0,0.0
2004-10-01,0.09316770186335388,0.0043448829557797275,0.005268703898840821,0.07894736842105265,0.01851851851851838
2004-11-01,0.09659090909090895,0.004169344347090043,0.004716981132075304,0.0,-0.018181818181818077
2004-12-01,0.11917098445595875,0.0028408647467415005,0.0,0.0,0.0
2005-01-01,0.05555555555555536,0.0009805905334101528,-0.0005216484089722861,0.09756097560975618,-0.0185185185185186
2005-02-01,0.09649122807017552,0.00125952417975439,0.0041753653444676075,0.0,0.018867924528301883
2005-03-01,0.052000000000000046,0.001444301222220279,0.0036382536382535413,0.0,-0.03703703703703709
2005-04-01,0.06083650190114076,0.0021090503070528843,0.0031071983428274663,-0.5555555555555556,0.0
2005-05-01,0.07526881720430101,0.0026617146394305458,-0.0005162622612286949,0.0,-0.019230769230769384
2005-06-01,0.01333333333333342,0.005031485368564015,0.0005165289256197081,0.0,-0.019607843137254832
2005-07-01,0.07236842105263142,0.004898799103166596,0.006195147134744561,0.6000000000000001,0.0
2005-08-01,0.07361963190184051,0.005012454727447713,0.0061570035915854415,0.0,-0.019999999999999907
2005-09-01,0.03428571428571425,0.005139511898426319,0.013768485466598701,0.0,0.020408163265306145
2005-10-01,0.044198895027624197,0.0051132323797709045,0.0015090543259557165,-0.3125,0.0
2005-11-01,0.058201058201058364,0.0025135082253426866,-0.0050226017076845375,0.0,0.0
2005-12-01,0.040000000000000036,0.004083593562334897,0.0,0.0,-0.019999999999999907
2006-01-01,0.03125,0.00632476076555033,0.006057546693589266,1.5,-0.04081632653061229
2006-02-01,0.046620046620046596,0.0036551119563763557,0.0005017561465128217,0.0,0.02127659574468077
2006-03-01,0.022271714922048824,0.002161393951057855,0.0015045135406217547,0.0,-0.02083333333333326
2006-04-01,0.04357298474945548,0.005539552404165704,0.005007511266900355,-0.8181818181818181,0.0
2006-05-01,0.03131524008350728,0.0010136624063463717,0.002989536621823774,0.0,-0.021276595744680993
2006-06-01,0.010121457489878471,0.005606187352324099,0.0024838549428713996,0.0,0.0
2006-07-01,0.05010020040080154,0.006100319610046423,0.005450941526263575,-0.4,0.021739130434782705
2006-08-01,0.00190839694656475,0.004554751301875548,0.004435682602267121,0.0,0.0
2006-09-01,0.0,0.003942067491661039,-0.004906771344455385,0.0,-0.042553191489361764
2006-10-01,0.0,0.0071052555878377,-0.004437869822485285,4.833333333333334,-0.022222222222222143
2006-11-01,0.0,0.005069980005712571,0.0004952947003467045,0.0,0.022727272727272707
2006-12-01,-0.0019047619047618536,0.006095914742451081,0.00544554455445545,0.0,-0.022222222222222143
2007-01-01,0.00190839694656475,0.0053810519179708916,0.001659281142294633,-0.6571428571428571,0.04545454545454519
2007-02-01,0.0019047619047618536,0.0022617124394184174,0.003878350545869269,0.0,-0.021739130434782483
2007-03-01,0.0,0.0047514927255907224,0.005200121434097538,0.0,-0.022222222222222143
2007-04-01,-0.0019011406844106071,0.010113691846271866,0.003000662483924943,1.0833333333333335,0.022727272727272707
2007-05-01,0.0,0.0019196243612760178,0.004132994016629032,0.0,-0.022222222222222143
2007-06-01,0.0,0.004576217453031939,0.0023167517109623503,0.0,0.04545454545454519
2007-07-01,0.0019047619047618536,0.004239788147802459,0.0017805958481715844,-0.08000000000000007,0.021739130434782705
2007-08-01,-0.04562737642585557,0.010397595299904472,0.00030828070885302594,0.0,-0.021276595744680993
2007-09-01,-0.015936254980079556,0.0024610890995389045,0.0042375533907650365,0.0,0.021739130434782705
2007-10-01,-0.036437246963562875,0.0020368796622285412,0.0030832378312801723,0.0869565217391306,0.0
2007-11-01,-0.05672268907563016,0.003419309676377269,0.007858884267890387,0.0,0.0
2007-12-01,-0.055679287305122505,0.004078456626150473,0.002898014551732553,0.0,0.06382978723404253
2008-01-01,-0.07075471698113212,0.004489457791079898,0.003447705076970342,-1.68,0.0
2008-02-01,-0.24365482233502533,0.01149272393519385,0.0024178268779397882,0.0,-0.019999999999999907
2008-03-01,-0.12416107382550334,0.008692564635333078,0.003578027806118822,0.0,0.04081632653061207
2008-04-01,-0.12643678160919547,0.005540852378655314,0.002314381020201539,-2.4117647058823533,-0.019607843137254832
2008-05-01,-0.13157894736842102,0.0016466134218442452,0.0059174916566171465,0.0,0.08000000000000007
2008-06-01,0.010101010101010166,0.0024205553038638694,0.0104782350098509,0.0,0.03703703703703698
2008-07-01,0.004999999999999893,0.006107796802768517,0.007141444751521009,-1.875,0.03571428571428581
2008-08-01,-0.004975124378109319,0.0018738368735160549,-0.0014884757278006422,0.0,0.051724137931034475
2008-09-01,-0.09499999999999997,0.00853178924174669,0.0008550916822900323,0.0,0.0
2008-10-01,-0.4640883977900553,0.013032377710315401,-0.008598436564828615,3.0476190476190474,0.06557377049180335
2008-11-01,-0.5979381443298969,0.006520130904166699,-0.017705477084725474,0.0,0.04615384615384621
2008-12-01,-0.5897435897435898,0.022136957632080456,-0.008233522399403226,0.0,0.07352941176470584
2009-01-01,-0.0625,0.01028641072516745,0.0025307713412614508,-0.47058823529411764,0.06849315068493156
2009-02-01,0.4666666666666668,0.0036432069872367467,0.003642660652187324,0.0,0.06410256410256432
2009-03-01,-0.18181818181818188,0.008065291600557689,-0.000987282856538485,0.0,0.04819277108433728
2009-04-01,-0.16666666666666663,0.0005604111271415579,0.0010070825195886979,-0.8444444444444444,0.034482758620689724
2009-05-01,0.19999999999999996,0.006923755273255949,0.0014714939189219844,0.0,0.04444444444444451
2009-06-01,0.16666666666666674,0.001183501982365831,0.008299612246622345,0.0,0.010638297872340496
2009-07-01,-0.23809523809523803,0.0005083042733020626,-0.00029796545463012247,-3.0,0.0
2009-08-01,0.0,-5.907511992253589e-05,0.0033484533777929926,0.0,0.010526315789473717
2009-09-01,-0.0625,-0.00017723582999540355,0.0019308872334005134,0.0,0.02083333333333348
2009-10-01,-0.19999999999999996,0.0031080857500769277,0.003001931798703783,2.1428571428571432,0.020408163265306145
2009-11-01,0.0,0.003440110272027841,0.0033485905897676638,0.0,-0.010000000000000009
2009-12-01,0.0,-0.000563558874291048,0.0005201763996427466,0.0,0.0
2010-01-01,-0.08333333333333326,-0.004052863436123322,0.0006487322116246474,-0.5681818181818182,-0.010101010101010055
2010-02-01,0.18181818181818188,0.005850436423684879,-0.0009517766497462166,0.0,0.0
2010-03-01,0.23076923076923084,-0.00045733852432094935,0.00033136813619227823,0.0,0.010204081632652962
2010-04-01,0.25,0.0036838462170183384,0.00023004053314190642,1.0526315789473686,0.0
2010-05-01,0.0,0.006335402274666446,-0.0005197720362644098,0.0,-0.030303030303030387
2010-06-01,-0.10000000000000009,0.0022185311233202665,-0.00041879515854381655,0.0,-0.02083333333333326
2010-07-01,0.0,0.0013212183023503243,0.0018692535416828804,-0.20512820512820507,0.0
2010-08-01,0.05555555555555558,0.005601981527350253,0.0014613634796996067,0.0,0.010638297872340496
2010-09-01,0.0,0.003533528233696126,0.001615249422961318,0.0,0.0
2010-10-01,0.0,0.005711729690672129,0.00348184629481163,-0.32258064516129026,-0.010526315789473606
2010-11-01,0.0,0.0023492649993726022,0.0025338416234848005,0.0,0.042553191489361764
2010-12-01,-0.052631578947368474,0.003822830031970703,0.004016576346828282,0.0,-0.05102040816326525
2011-01-01,-0.05555555555555547,0.0025275136293057,0.003243042200370194,-1.4285714285714286,-0.021505376344086113
2011-02-01,-0.05882352941176472,0.007212951657395994,0.00321447463006419,0.0,-0.01098901098901095
2011-03-01,-0.12499999999999989,0.006510270512964489,0.0051735482068338,0.0,0.0
2011-04-01,-0.2857142857142857,0.0070703691312590244,0.0046940989750992035,-4.0,0.011111111111111072
2011-05-01,-0.10000000000000009,0.008006289865343907,0.003181714734507679,0.0,-0.01098901098901095
2011-06-01,0.0,0.008129456095444132,0.0,0.0,0.011111111111111072
2011-07-01,-0.2222222222222221,0.017653404818725793,0.0026200368317570444,-1.037037037037037,-0.01098901098901095
2011-08-01,0.4285714285714286,0.019959951599259007,0.003154462166418792,0.0,0.0
2011-09-01,-0.20000000000000007,0.0021207126434366064,0.0021715478580843772,0.0,0.0
2011-10-01,-0.12499999999999989,0.0034362461106514086,0.0006752075270193281,-46.99999999999999,-0.022222222222222143
2011-11-01,0.1428571428571428,0.005397730238773768,0.0018478500551268873,0.0,-0.022727272727272818
2011-12-01,-0.12499999999999989,0.004942989470186232,0.00023770849015480877,0.0,-0.011627906976744096
2012-01-01,0.1428571428571428,0.007553681774030263,0.0027241960540966836,-0.26086956521739124,-0.0235294117647058
2012-02-01,0.25,0.00530229219014422,0.002137446124946152,0.0,0.0
2012-03-01,0.30000000000000004,0.004488788231213459,0.002093470387029228,0.0,-0.012048192771084487
2012-04-01,0.0769230769230771,0.005443724482541379,0.0016607883500068255,-0.47058823529411764,0.0
2012-05-01,0.1428571428571428,0.004363724519687251,-0.002068180132381081,0.0,0.0
2012-06-01,0.0,0.007040128733782458,-0.0008263631713106845,0.0,0.0
2012-07-01,0.0,0.0052631578947368585,0.0002888099280600187,-0.6666666666666667,0.0
2012-08-01,-0.1875,0.007023853283924408,0.00580952797585188,0.0,-0.012195121951219523
2012-09-01,0.0769230769230771,0.007912079239177583,0.004771266277542319,0.0,-0.03703703703703698
2012-10-01,0.1428571428571428,0.006479650764442013,0.0026967945804385884,-0.16666666666666663,0.0
2012-11-01,0.0,0.006710234566460471,-0.0016793444944266378,0.0,-0.012820512820512775
2012-12-01,0.0,0.011843350914816808,-0.00012108160467716456,0.0,0.025974025974025983
2013-01-01,-0.12499999999999989,0.0022149240051936303,0.001980788942180789,7.0,0.012658227848101111
2013-02-01,0.0714285714285714,0.0018099375095259607,0.005429926752100966,0.0,-0.03749999999999998
2013-03-01,-0.06666666666666654,0.005353441226251698,-0.0028119191025899326,0.0,-0.025974025974025983
2013-04-01,0.0714285714285714,0.002600989321756675,-0.002087979266581219,-0.725,0.013333333333333197
2013-05-01,-0.2666666666666666,0.003235726953700002,0.00041415548950163306,0.0,-0.013157894736842035
2013-06-01,-0.18181818181818188,0.005416231769584279,0.002380408205508555,0.0,0.0
2013-07-01,0.0,0.0036661896879062184,0.001957452300544338,2.1818181818181817,-0.026666666666666727
2013-08-01,-0.11111111111111105,0.005413968224386112,0.0023872906826962748,0.0,-0.013698630136986245
2013-09-01,0.0,0.005597983243122995,0.00037694469193350066,0.0,0.0
2013-10-01,0.125,0.011447004608295064,0.000535231048539142,0.0,0.0
2013-11-01,-0.11111111111111105,0.0007927684933752843,0.0018444894273523804,0.0,-0.04166666666666663
2013-12-01,0.125,0.005909186098389307,0.0026441691584793148,0.0,-0.02898550724637683
2014-01-01,-0.2222222222222221,0.006317999963793897,0.0024241752904536895,-1.4,-0.014925373134328401
2014-02-01,0.0,0.005900554076419429,0.0011007786202441583,0.0,0.015151515151515138
2014-03-01,0.1428571428571428,0.003210172401459266,0.00204205530106516,0.0,0.0
2014-04-01,0.125,0.004002103555543535,0.0018641856050976013,-4.7857142857142865,-0.07462686567164178
2014-05-01,0.0,0.0057262073863635354,0.0019030059035471947,0.0,0.016129032258064502
2014-06-01,0.11111111111111116,0.0048726662841507284,0.001321132206079767,0.0,-0.031746031746031744
2014-07-01,-0.10000000000000009,0.004805116087036598,0.001125485286492811,-0.05660377358490565,0.016393442622950838
2014-08-01,0.0,0.002106938033291428,-0.00016000134737970129,0.0,-0.016129032258064613
2014-09-01,0.0,0.003594329334787316,7.159100480080838e-05,0.0,-0.032786885245901565
2014-10-01,0.0,0.006415327242539348,-0.00019791390324119806,-0.6,-0.03389830508474578
2014-11-01,0.0,0.003515439429928824,-0.0018826601524659647,0.0,0.01754385964912264
2014-12-01,0.33333333333333326,0.007204214077912052,-0.0030846094445592387,0.0,-0.034482758620689724
2015-01-01,-0.08333333333333326,0.007426144472265195,-0.0063703164417655556,0.8,0.017857142857143016
2015-02-01,0.0,0.00990770901194371,0.0025346436802173855,0.0,-0.03508771929824561
2015-03-01,0.0,-0.00015958876495092422,0.0026939517808124425,0.0,-0.018181818181818077
2015-04-01,0.09090909090909083,0.002847854028579233,0.0010424788961589382,-0.3055555555555556,0.0
2015-05-01,0.0,0.0022952687307331576,0.003297745341246827,0.0,0.03703703703703698
2015-06-01,0.08333333333333348,0.003393230254910229,0.0027679208104607333,0.0,-0.05357142857142849
2015-07-01,0.0,0.003631638568667883,0.0015863197801873063,-0.36,-0.01886792452830177
2015-08-01,0.0769230769230771,0.003693191249211525,-4.20108051790713e-06,0.0,-0.019230769230769384
2015-09-01,0.0,0.005052217270148818,-0.002247587519377592,0.0,-0.019607843137254832
2015-10-01,-0.14285714285714302,0.0042205548425313655,0.0009894820166906904,-0.5625,0.0
2015-11-01,0.0,0.0074880592490640385,0.0011946174910508756,0.0,0.020000000000000018
2015-12-01,1.0,0.00578979467371421,-0.0010755534268560574,0.0,-0.019607843137254832
2016-01-01,0.41666666666666674,0.01110060070985619,-0.0004584435630738959,2.2857142857142856,-0.040000000000000036
2016-02-01,0.11764705882352944,0.005773228850151968,-0.0013296753235823022,0.0,0.02083333333333348
2016-03-01,-0.052631578947368474,0.00403873368208485,0.0031347962382444194,0.0,0.020408163265306145
2016-04-01,0.0277777777777779,0.006255443819779938,0.0038306451612901693,-0.4347826086956521,0.020000000000000018
2016-05-01,0.0,0.0052722694365754386,0.0023640958693178504,0.0,-0.05882352941176472
2016-06-01,0.027027027027026973,0.004727984344422564,0.002775957287827202,0.0,0.02083333333333348
2016-07-01,0.026315789473684292,0.0042304875578478285,-0.0005037007434789409,1.2307692307692308,-0.020408163265306256
2016-08-01,0.025641025641025772,0.0065323475333016745,0.0018492217858316895,0.0,0.02083333333333348
2016-09-01,0.0,0.004647792876467438,0.0026232097944252075,0.0,0.020408163265306145
2016-10-01,0.0,0.005623666968436858,0.0023426874979268764,-0.2413793103448275,-0.019999999999999907
2016-11-01,0.02499999999999991,0.005607476635514086,0.0011789477167711837,0.0,-0.04081632653061229
2016-12-01,0.3170731707317074,0.003421591685001113,0.002524522158776188,0.0,0.0
2017-01-01,0.20370370370370372,0.005640362616341932,0.004043076694815628,-0.09090909090909094,0.0
2017-02-01,0.01538461538461533,0.005007255257241994,0.0015926573570097524,0.0,-0.021276595744680993
2017-03-01,0.19696969696969702,0.004593298571888171,-0.00046720162618951733,0.0,-0.04347826086956508
2017-04-01,0.139240506329114,0.004170172838770636,0.001234152821740775,0.1499999999999999,0.0
2017-05-01,0.011111111111111072,0.0038562222370539523,-0.0007739779600562935,0.0,0.0
2017-06-01,0.1428571428571428,0.0016104368125169355,0.0006516286618252209,0.0,-0.022727272727272818
2017-07-01,0.10576923076923062,0.004196629420658571,0.0003276499715354486,0.39130434782608714,0.0
2017-08-01,0.008695652173912993,0.004348017685855687,0.0038486261632881824,0.0,0.023255813953488413
2017-09-01,-0.008620689655172376,0.003539408830971258,0.005106389920997767,0.0,-0.022727272727272818
2017-10-01,0.0,0.004321212562850674,0.0007750522450138408,0.4374999999999998,-0.023255813953488302
2017-11-01,0.008695652173912993,0.0023653526624729526,0.002668007428251684,0.0,0.0
2017-12-01,0.12068965517241392,0.004263512584238738,0.0021068892447551058,0.0,-0.023809523809523947
2018-01-01,0.08461538461538454,0.0006775360751922754,0.004253344363511546,-0.28260869565217395,-0.024390243902438935
2018-02-01,0.007092198581560183,0.0026002650685719164,0.0026922876006090224,0.0,0.02499999999999991
2018-03-01,0.06338028169014098,0.004073480706644705,0.000192362410782021,0.0,-0.024390243902438935
2018-04-01,0.11920529801324498,0.0012807670291927753,0.002604406656061986,-0.36363636363636354,0.0
2018-05-01,0.00591715976331364,0.003980305704628595,0.002257949781598212,0.0,-0.050000000000000044
2018-06-01,0.07058823529411762,0.004291937137000268,0.0009011451720948305,0.0,0.05263157894736836
2018-07-01,0.049450549450549275,0.0024309172992014183,0.0007808204989283585,0.19047619047619047,-0.050000000000000044
2018-08-01,0.0,0.0035138077798673173,0.0017873207703393845,0.0,0.0
2018-09-01,0.020942408376963373,0.0024940291251875912,0.002062281702117419,0.0,-0.02631578947368407
2018-10-01,0.12307692307692308,0.0008503580639946939,0.002339580144498754,-0.76,0.027027027027026973
2018-11-01,0.004566210045662267,0.001362225623885216,-0.0007041919199911595,0.0,0.0
2018-12-01,0.031818181818181746,0.008540895321440756,0.0006848935445813442,0.0,0.026315789473684292
2019-01-01,0.05726872246696035,0.004415057082864049,-0.0008149798035343991,3.166666666666667,0.025641025641025772
2019-02-01,0.0,0.002429721516533867,0.003001255142321968,0.0,-0.050000000000000044
2019-03-01,0.004166666666666874,0.0031074772808883377,0.0037817929172307974,0.0,0.0
2019-04-01,0.004149377593360981,0.0019482039349587588,0.0037596794047436433,0.3599999999999999,-0.02631578947368407
2019-05-01,-0.012396694214875992,0.006726441993885057,0.0002468332856644384,0.0,-0.027027027027027084
2019-06-01,-0.004184100418410108,0.008121536403592478,-0.0003251128102280676,0.0,0.0
2019-07-01,0.008403361344537785,0.005558037829860529,0.0023078761661827762,0.41176470588235303,0.0277777777777779
2019-08-01,-0.11250000000000004,0.0054667250143063395,0.0009147700174354512,0.0,-0.027027027027027084
2019-09-01,-0.04225352112676051,0.006474853863820407,0.0015388460997671771,0.0,-0.02777777777777779
2019-10-01,-0.1029411764705882,0.009041074018388162,0.0028272822992627678,-0.41666666666666663,0.028571428571428692
2019-11-01,-0.15300546448087438,0.007226071878317253,0.00281542260504386,0.0,0.0
2019-12-01,0.0,0.00465408558018976,0.0029122185210892493,0.0,0.0
2020-01-01,0.0,0.004482668751628838,0.0019216641534238743,-2.9642857142857144,0.0
2020-02-01,0.019354838709677358,0.003256188054589826,0.0004746707213065804,0.0,-0.02777777777777779
2020-03-01,-0.5886075949367089,0.03405961078425035,-0.004528447444551498,0.0,0.25714285714285734
2020-04-01,-0.9230769230769231,0.06327451887606439,-0.007920147553434065,4.109090909090909,2.3636363636363633
2020-05-01,0.0,0.049841818673629135,-0.0008983252093487382,0.0,-0.10810810810810823
2020-06-01,0.5999999999999999,0.016114577615468084,0.004847499237691677,0.0,-0.16666666666666663
2020-07-01,0.125,0.00864886914244467,0.005096443382793581,-2.2526690391459074,-0.07272727272727275
2020-08-01,0.11111111111111116,0.0036233468138593405,0.003731343283582156,0.0,-0.17647058823529405
2020-09-01,-0.10000000000000009,0.012649542863054863,0.002626139536318739,0.0,-0.07142857142857151
2020-10-01,0.0,0.008318724928212617,0.001238475828567287,-0.875,-0.11538461538461531
2020-11-01,0.0,0.012148491037954567,0.002274132890799363,0.0,-0.02898550724637683
2020-12-01,0.0,0.008119457719280687,0.004346309661148906,0.0,0.0
2021-01-01,0.0,0.01183806158927947,0.00226678623900467,0.2727272727272725,-0.04477611940298509
2021-02-01,-0.11111111111111105,0.01224192523644474,0.003556212139095738,0.0,-0.03125
2021-03-01,-0.12499999999999989,0.011568274250256527,0.004833575517978028,0.0,-0.016129032258064613
2021-04-01,0.0,0.017015244609905444,0.006713309948762847,0.14285714285714302,0.0
2021-05-01,-0.14285714285714302,0.013203906610385507,0.006672292545710334,0.0,-0.0491803278688524
2021-06-01,0.3333333333333335,0.0023400515986271575,0.008591526206762845,0.0,0.017241379310344973
2021-07-01,0.25,0.007521477726169401,0.004635957297477011,-0.453125,-0.0847457627118644
2021-08-01,-0.10000000000000009,0.008837202538211297,0.0028937547110843287,0.0,-0.05555555555555569
2021-09-01,-0.11111111111111105,0.008053433280476696,0.004362937760309826,0.0,-0.07843137254901955
2021-10-01,0.0,0.007831790491262591,0.009439954442911347,1.1142857142857143,-0.042553191489361764
2021-11-01,0.0,0.00822025360759393,0.00830295666261649,0.0,-0.06666666666666665
2021-12-01,0.0,0.0072337650762079875,0.0071084268212204815,0.0,-0.07142857142857151
2022-01-01,0.0,0.005356086610249111,0.006182204083958309,-1.135135135135135,0.025641025641025772
2022-02-01,0.0,0.0045538986097406475,0.007018425579205845,0.0,-0.050000000000000044
2022-03-01,1.5,0.0016878648970217736,0.010340040418240992,0.0,-0.02631578947368407
2022-04-01,0.6499999999999999,0.0013259180140694493,0.003878706077567129,-1.3,0.0
2022-05-01,1.3333333333333335,-0.0027448780667229666,0.009415001628653163,0.0,-0.027027027027027084
2022-06-01,0.5714285714285714,-0.0021853489412123617,0.012952327333770608,0.0,0.0
2022-07-01,0.38842975206611574,-3.234376804905903e-05,-0.00044734844376970173,8.000000000000002,-0.02777777777777779
2022-08-01,0.3869047619047621,-0.0016264820855936835,0.0007526954634839989,0.0,0.028571428571428692
2022-09-01,0.09871244635193133,-0.003984893504762388,0.004265454225137466,0.0,-0.02777777777777779
2022-10-01,0.203125,-0.004456216165981353,0.0052560378650634565,0.2592592592592591,0.028571428571428692
2022-11-01,0.22727272727272707,-0.003108576122774709,0.00244648112786483,0.0,0.0
2022-12-01,0.08465608465608465,-0.00649405375035117,0.00033477509808887973,0.0,-0.02777777777777779
2023-01-01,0.056097560975609806,-0.0006692020943198651,0.005515247249069821,-0.17647058823529416,0.0
2023-02-01,0.05542725173210172,-0.0009667485652036234,0.0033948398434380245,0.0,0.028571428571428692
2023-03-01,0.017505470459518557,-0.014553024366756984,0.0005539412755906081,0.0,-0.02777777777777779
2023-04-01,0.038709677419354716,-0.0070127369313526255,0.004027940313549472,-0.1428571428571428,-0.02857142857142858
2023-05-01,0.04761904761904745,0.0034491242118872556,0.0015122598709624846,0.0,0.05882352941176472
2023-06-01,0.0039525691699606735,-0.00090378532214197,0.0025814661936727212,0.0,0.0
2023-07-01,0.007874015748031482,-0.0004956069019275144,0.0016968158395787025,0.8333333333333335,-0.02777777777777779
2023-08-01,0.041015625,-0.001222782262917388,0.0049997537875678955,0.0,0.05714285714285716
2023-09-01,0.0,-0.0012965792479840976,0.004037394900339164,0.0,0.027027027027026973
2023-10-01,0.0,-0.001578185328185322,0.0009076890042749586,-0.2727272727272727,0.026315789473684292
2023-11-01,0.0,0.0004592189410894676,0.0014106802143973862,0.0,-0.05128205128205121
2023-12-01,0.0,0.00022225658072749788,0.002103301989373252,0.0,0.027027027027026973
2024-01-01,0.0,0.0034731950496100783,0.0034301261599751776,-0.5,-0.02631578947368407
2024-02-01,0.0,0.004250648669205104,0.003963924414288167,0.0,0.054054054054053946
2024-03-01,0.0,0.0019126049775664011,0.0034884992058441533,0.0,0.0
2024-04-01,0.0,0.0015022845250340922,0.002912462713108077,0.875,0.0
2024-05-01,0.0,0.0030669424685541014,0.0003961458839163434,0.0,0.025641025641025772
2024-06-01,0.0,0.003257592715184554,-2.8741138149102063e-05,0.0,0.02499999999999991
2024-07-01,0.0,0.001552301155918423,0.001389194937581939,0.03333333333333344,0.024390243902439046
2024-08-01,0.0,0.004147273227099957,0.001801853517281904,0.0,0.0
2024-09-01,-0.03752345215759856,0.004082942739678241,0.0022920373984103293,0.0,-0.023809523809523947
2024-10-01,-0.05847953216374269,0.0029757147826741104,0.002264563237849071,-0.22580645161290325,0.0
2024-11-01,-0.03933747412008293,0.0055775585292119345,0.002804502414724075,0.0,0.024390243902439046
2024-12-01,-0.0344827586206895,0.001659325549418389,0.0036467171645351293,0.0,-0.023809523809523947
2025-01-01,-0.033482142857142905,0.004048375763723744,0.004669351360031326,0.0,-0.024390243902438935
2025-02-01,0.0,0.004351835974250484,0.002159292479143371,0.0,0.02499999999999991
